list_name,master_item_name,master_material,itemname,material,quantity,description,latitude,longitude,altitude,radius,location,timestamp,dt,project_name,username,manual_upload,event_name,id,log_index
"Primary List","Other Paper","PAPER & LUMBER","Other Paper & Lumber","PAPER & LUMBER","1","","14.152803156652","100.6710695741","5.4912490844727","32.004833094724","Rangsit, Pathum Thani Province, Thailand","20210424135332","2021-04-24 13:53:32","Default","Zola","0","","1523049","38134"
"Primary List","Paper and Cardboard","PAPER & LUMBER","Paper and Cardboard","PAPER & LUMBER","1","","13.6247746","100.7103829","-26.2999992371","10.7829999924","Samut Prakan, Samut Prakan Province, Thailand","20200316045551","2020-03-16 04:55:51","","Tiphola66","0","","671974","20349"
"Primary List","Straws","PLASTIC","Straws","PLASTIC","2","","13.862932943907","100.4309674297","5.3597258496828","16.002416547362","Bang Len Subdistrict, Nonthaburi Province, Thailand","20210725104434","2021-07-25 10:44:34","Default","Earth","0","","1659956","42590"
"Primary List","Personal Care Products","PLASTIC","Personal care products","PLASTIC","1","","14.078232432968","100.60816766209","8.435772895813","65","Rangsit, Pathum Thani Province, Thailand","20210725215555","2021-07-25 21:55:55","Default","Day","0","","1661326","42625"
"Primary List","Plastic Food Wrappers","PLASTIC","Food Wrappers","PLASTIC","1","","13.862897577387","100.43092885041","14.194649639198","96","Bang Len Subdistrict, Nonthaburi Province, Thailand","20210725104403","2021-07-25 10:44:03","Default","Earth","0","","1659953","42590"
"Primary List","Plastic Food Wrappers","PLASTIC","Food Wrappers","PLASTIC","2","","13.862866163526","100.43102993133","8.4453415870667","86.244781801839","Bang Len Subdistrict, Nonthaburi Province, Thailand","20210725104954","2021-07-25 10:49:54","Default","Earth","0","","1659958","42591"
"Primary List","Plastic Caps or Lids","PLASTIC","Bottle or Container Caps","PLASTIC","2","","13.862968122201","100.43097525923","4.2999992370605","16.002416547362","Bang Len Subdistrict, Nonthaburi Province, Thailand","20210725104425","2021-07-25 10:44:25","Default","Earth","0","","1659955","42590"
"Primary List","Plastic Bottle","PLASTIC","Beverage Bottles","PLASTIC","1","","13.862990257325","100.43099265625","4.3000229039911","64.009666189447","Bang Len Subdistrict, Nonthaburi Province, Thailand","20210725104409","2021-07-25 10:44:09","Default","Earth","0","","1659954","42590"
"Primary List","Plastic Bottle","PLASTIC","Beverage Bottles","PLASTIC","3","","13.801652742541","100.31521827506","7.3118171691895","35","Tha Talat, Nakhon Pathom Province, Thailand","20230831131917","2023-08-31 13:19:17","Default","Natsuda","0","","2603410","69020"
"Primary List","Plastic Bags","PLASTIC","Plastic Bags","PLASTIC","2","","13.862907433956","100.43095382494","4.4683662926064","32.004833094724","Bang Len Subdistrict, Nonthaburi Province, Thailand","20210725104446","2021-07-25 10:44:46","Default","Earth","0","","1659957","42590"
"SAP","Mask","PLASTIC","Face mask","Most common item","6","","13.665585934563","100.57275548654","5.9203893281519","4.7678837958015","Bang Nam Phueng, Samut Prakan Province, Thailand","20220422052738","2022-04-22 05:27:38","APJ Waterway April 2022","usa_SAP","0","","2018313","50848"
"SAP","Mask","PLASTIC","Face mask","Most common item","4","","13.743188272723","100.56325060165","9.1354088783264","68.4636990628","Bangkok, Bangkok, Thailand","20220423111104","2022-04-23 11:11:04","Default","Deepak.kaushik02","0","","2021449","50893"
"SAP","Rubber Bands","RUBBER","Rubber band","Rubber","6","","13.665586670619","100.57278782044","6.0305638518184","4.7622279215915","Bang Nam Phueng, Samut Prakan Province, Thailand","20220422052905","2022-04-22 05:29:05","APJ Waterway April 2022","usa_SAP","0","","2018322","50848"
"SAP","Rubber Fragments","RUBBER","Rubber fragments","Rubber","7","","13.665586670619","100.57278782044","6.0305638518184","4.7639763411073","Bang Nam Phueng, Samut Prakan Province, Thailand","20220422052900","2022-04-22 05:29:00","APJ Waterway April 2022","usa_SAP","0","","2018321","50848"
"SAP","Metal Cups / Plates / Utensils","METAL","Eating utensils (fork, knives, spoon)","Metal","2","","13.665586670619","100.57278782044","6.0305638518184","4.7801323186301","Bang Nam Phueng, Samut Prakan Province, Thailand","20220422052928","2022-04-22 05:29:28","APJ Waterway April 2022","usa_SAP","0","","2018324","50848"
"SAP","Plastic Rope or Net","FISHING GEAR","Rope","Miscellaneous","4","","13.665608517265","100.57282120345","5.6795697966591","4.778360014599","Bang Nam Phueng, Samut Prakan Province, Thailand","20220422053033","2022-04-22 05:30:33","APJ Waterway April 2022","usa_SAP","0","","2018330","50848"
"SAP","Paper and Cardboard","PAPER & LUMBER","Paper","Paper","10","","13.665624179191","100.57282533828","5.6431777570397","4.7788558856963","Bang Nam Phueng, Samut Prakan Province, Thailand","20220422053028","2022-04-22 05:30:28","APJ Waterway April 2022","usa_SAP","0","","2018329","50848"
"SAP","Clothing and Shoes","CLOTH","Clothing","Cloth","2","","13.665607689884","100.57280100346","6.0805014036596","4.7864904893062","Bang Nam Phueng, Samut Prakan Province, Thailand","20220422052945","2022-04-22 05:29:45","APJ Waterway April 2022","usa_SAP","0","","2018326","50848"
"SAP","Clothing and Shoes","CLOTH","Shoes","Cloth","5","","13.665607689884","100.57280100346","6.0805014036596","4.7836017446533","Bang Nam Phueng, Samut Prakan Province, Thailand","20220422052949","2022-04-22 05:29:49","APJ Waterway April 2022","usa_SAP","0","","2018327","50848"
"SAP","Clothing and Shoes","CLOTH","Shoes","Cloth","4","","13.665609902601","100.57280180066","5.8604182107374","4.785620072539","Bang Nam Phueng, Samut Prakan Province, Thailand","20220422052953","2022-04-22 05:29:53","APJ Waterway April 2022","usa_SAP","0","","2018328","50848"
"SAP","Flip-flops","RUBBER","Flip-flops / slippers","Rubber","3","","13.665586670619","100.57278782044","6.0305638518184","4.7677918994144","Bang Nam Phueng, Samut Prakan Province, Thailand","20220422052853","2022-04-22 05:28:53","APJ Waterway April 2022","usa_SAP","0","","2018319","50848"
"SAP","Flip-flops","RUBBER","Flip-flops / slippers","Rubber","4","","13.665586670619","100.57278782044","6.0305638518184","4.7663521439567","Bang Nam Phueng, Samut Prakan Province, Thailand","20220422052855","2022-04-22 05:28:55","APJ Waterway April 2022","usa_SAP","0","","2018320","50848"
"SAP","Glass Jars","GLASS","Glass jars","Glass","3","","13.665605803391","100.57279861767","6.0638956716284","4.7827952253037","Bang Nam Phueng, Samut Prakan Province, Thailand","20220422052935","2022-04-22 05:29:35","APJ Waterway April 2022","usa_SAP","0","","2018325","50848"
"SAP","Glass Bottle","GLASS","Glass bottles","Most common item","17","","13.665582477967","100.57277113957","6.3271517409012","4.7627473092361","Bang Nam Phueng, Samut Prakan Province, Thailand","20220422052658","2022-04-22 05:26:58","APJ Waterway April 2022","usa_SAP","0","","2018311","50848"
"SAP","Glass Bottle","GLASS","Glass bottles","Most common item","5","","13.743222455338","100.56325133938","9.1343636512756","68.4636990628","Bangkok, Bangkok, Thailand","20220423111050","2022-04-23 11:10:50","Default","Deepak.kaushik02","0","","2021447","50893"
"SAP","Aluminum or Tin Cans","METAL","Aluminium/ tin can","Most common item","13","","13.665582477967","100.57277113957","6.3271517409012","4.7629595754538","Bang Nam Phueng, Samut Prakan Province, Thailand","20220422052657","2022-04-22 05:26:57","APJ Waterway April 2022","usa_SAP","0","","2018310","50848"
"SAP","Aluminum or Tin Cans","METAL","Aluminium/ tin can","Most common item","10","","13.743222455338","100.56325133938","9.1343636512756","68.4636990628","Bangkok, Bangkok, Thailand","20220423111050","2022-04-23 11:10:50","Default","Deepak.kaushik02","0","","2021446","50893"
"SAP","Aerosol cans","METAL","Aerosol cans","Metal","2","","13.665586670619","100.57278782044","6.0305638518184","4.7711635573591","Bang Nam Phueng, Samut Prakan Province, Thailand","20220422052917","2022-04-22 05:29:17","APJ Waterway April 2022","usa_SAP","0","","2018323","50848"
"SAP","Straws","PLASTIC","Straws","Most common item","20","","13.743231755571","100.56325397532","9.1352567672729","68.4636990628","Bangkok, Bangkok, Thailand","20220423111026","2022-04-23 11:10:26","Default","Deepak.kaushik02","0","","2021444","50893"
"SAP","Plastic Utensils","PLASTIC","Single use eating utensils (spoon, fork, plate, bowl)","Plastic","13","","13.665581357434","100.57276840597","5.7601696997881","4.7586520109674","Bang Nam Phueng, Samut Prakan Province, Thailand","20220422052807","2022-04-22 05:28:07","APJ Waterway April 2022","usa_SAP","0","","2018315","50848"
"SAP","Plastic Utensils","PLASTIC","Single use eating utensils (spoon, fork, plate, bowl)","Plastic","8","","13.743306787854","100.56327165834","9.1370801925659","71","Bangkok, Bangkok, Thailand","20220423111116","2022-04-23 11:11:16","Default","Deepak.kaushik02","0","","2021451","50893"
"SAP","Personal Care Products","PLASTIC","Toothbrushes","Plastic","5","","13.665586670619","100.57278782044","6.0305638518184","4.7675933460366","Bang Nam Phueng, Samut Prakan Province, Thailand","20220422052843","2022-04-22 05:28:43","APJ Waterway April 2022","usa_SAP","0","","2018318","50848"
"SAP","Plastic Food Wrappers","PLASTIC","Plastic wrappers","Most common item","45","","13.66557619601","100.57276042068","6.3676482420415","4.778118890665","Bang Nam Phueng, Samut Prakan Province, Thailand","20220422052558","2022-04-22 05:25:58","APJ Waterway April 2022","usa_SAP","0","","2018308","50848"
"SAP","Plastic Food Wrappers","PLASTIC","Plastic wrappers","Most common item","50","","13.742716440096","100.56307930282","9.1349291801453","22.094798562398","Bangkok, Bangkok, Thailand","20220423111008","2022-04-23 11:10:08","Default","Deepak.kaushik02","0","","2021443","50893"
"SAP","Plastic Food Wrappers","PLASTIC","Take out packaging","Most common item","20","","13.665570749335","100.57274646779","6.0415171002969","4.7800954295799","Bang Nam Phueng, Samut Prakan Province, Thailand","20220422052610","2022-04-22 05:26:10","APJ Waterway April 2022","usa_SAP","0","","2018309","50848"
"SAP","Plastic Food Wrappers","PLASTIC","Take out packaging","Most common item","50","","13.743318199279","100.56327883377","9.1349754333496","71","Bangkok, Bangkok, Thailand","20220423111044","2022-04-23 11:10:44","Default","Deepak.kaushik02","0","","2021445","50893"
"SAP","Foam or Plastic Cups or Plates","PLASTIC","Cups","Plastic","35","","13.665582348982","100.57277656546","5.7867785077542","4.7694540722299","Bang Nam Phueng, Samut Prakan Province, Thailand","20220422052821","2022-04-22 05:28:21","APJ Waterway April 2022","usa_SAP","0","","2018316","50848"
"SAP","Tobacco Packaging or Lighters","PLASTIC","Lighters","Miscellaneous","7","","13.665594582845","100.57279617789","5.5759041076526","4.77567961561","Bang Nam Phueng, Samut Prakan Province, Thailand","20220422053045","2022-04-22 05:30:45","APJ Waterway April 2022","usa_SAP","0","","2018331","50848"
"SAP","Plastic Caps or Lids","PLASTIC","Plastic bottle caps","Most common item","40","","13.665576254736","100.57274057151","6.3614901565015","4.8369983674627","Bang Nam Phueng, Samut Prakan Province, Thailand","20220422052544","2022-04-22 05:25:44","APJ Waterway April 2022","usa_SAP","0","","2018307","50848"
"SAP","Plastic Caps or Lids","PLASTIC","Plastic bottle caps","Most common item","10","","13.743214419769","100.56320299906","9.1363983154297","71","Bangkok, Bangkok, Thailand","20220423110956","2022-04-23 11:09:56","Default","Deepak.kaushik02","0","","2021442","50893"
"SAP","Plastic Caps or Lids","PLASTIC","Cup lids","Plastic","20","","13.665585968048","100.57278804397","5.9451979538426","4.7710427761411","Bang Nam Phueng, Samut Prakan Province, Thailand","20220422052837","2022-04-22 05:28:37","APJ Waterway April 2022","usa_SAP","0","","2018317","50848"
"SAP","Plastic Bottle","PLASTIC","Plastic/PET bottles","Most common item","80","","13.665580337016","100.57274055576","6.4613465508446","4.8394770011266","Bang Nam Phueng, Samut Prakan Province, Thailand","20220422052534","2022-04-22 05:25:34","APJ Waterway April 2022","usa_SAP","0","","2018306","50848"
"SAP","Plastic Bottle","PLASTIC","Plastic/PET bottles","Most common item","10","","13.743260355019","100.5632593197","9.1412711143494","59.8563551869","Bangkok, Bangkok, Thailand","20220423110945","2022-04-23 11:09:45","Default","Deepak.kaushik02","0","","2021441","50893"
"SAP","Plastic Bottle","PLASTIC","Hand sanitizer bottles","Plastic","4","","13.665581357434","100.57276840597","5.7601696997881","4.7631996006148","Bang Nam Phueng, Samut Prakan Province, Thailand","20220422052757","2022-04-22 05:27:57","APJ Waterway April 2022","usa_SAP","0","","2018314","50848"
"SAP","Plastic Bottle","PLASTIC","Hand sanitizer bottles","Plastic","3","","13.743188272723","100.56325060165","9.1354088783264","68.4636990628","Bangkok, Bangkok, Thailand","20220423111104","2022-04-23 11:11:04","Default","Deepak.kaushik02","0","","2021450","50893"
"SAP","Plastic Bags","PLASTIC","Plastic bag","Most common item","67","","13.665585634369","100.57275615182","5.9327808422968","4.7739586915129","Bang Nam Phueng, Samut Prakan Province, Thailand","20220422052733","2022-04-22 05:27:33","APJ Waterway April 2022","usa_SAP","0","","2018312","50848"
"SAP","Plastic Bags","PLASTIC","Plastic bag","Most common item","20","","13.743359995077","100.56333591246","9.1375102996826","68.4636990628","Bangkok, Bangkok, Thailand","20220423111059","2022-04-23 11:10:59","Default","Deepak.kaushik02","0","","2021448","50893"
"National Geographic Education","Wipes","PLASTIC","Disinfectant wipe","PLASTIC","1","","13.779240082769","100.5063330538","9.1165685849264","14.243088403396","Bangkok, Bangkok, Thailand","20230627112747","2023-06-27 11:27:47","Default","SciAnntist","0","","2519908","65912"
"National Geographic Education","Mask","PLASTIC","Single-use mask","PLASTIC","1","","13.779192279591","100.50644342785","8.8938328037038","14.243356497292","Bangkok, Bangkok, Thailand","20230627112709","2023-06-27 11:27:09","Default","SciAnntist","0","","2519906","65912"
"National Geographic Education","Mask","PLASTIC","Single-use mask","PLASTIC","2","","13.780607053207","100.50332543105","9.6077796127647","14.245729173605","Bangkok, Bangkok, Thailand","20230627114047","2023-06-27 11:40:47","Default","SciAnntist","0","","2519928","65912"
"National Geographic Education","Mask","PLASTIC","Single-use mask","PLASTIC","1","","13.788104888384","100.48334526852","2.5836230721325","14.244922124261","Bangkok, Bangkok, Thailand","20230628225757","2023-06-28 22:57:57","Default","SciAnntist","0","","2524716","66070"
"National Geographic Education","Mask","PLASTIC","Single-use mask","PLASTIC","1","","13.788269389535","100.48346243742","11.27310848888","14.246011866329","Bangkok, Bangkok, Thailand","20230628225916","2023-06-28 22:59:16","Default","SciAnntist","0","","2524720","66070"
"National Geographic Education","Mask","PLASTIC","Single-use mask","PLASTIC","1","","13.779108385138","100.50659022718","6.7270485097542","14.243323685718","Bangkok, Bangkok, Thailand","20230628232439","2023-06-28 23:24:39","Default","SciAnntist","0","","2524731","66070"
"National Geographic Education","Mask","PLASTIC","Single-use mask","PLASTIC","1","","13.777734879535","100.50580759944","2.1016032351181","14.244232601948","Bangkok, Bangkok, Thailand","20230628232755","2023-06-28 23:27:55","Default","SciAnntist","0","","2524735","66070"
"National Geographic Education","Rubber Fragments","RUBBER","Rubber fragments","RUBBER","3","","13.780354125668","100.50384377117","12.136577583849","14.245004689177","Bangkok, Bangkok, Thailand","20230627113653","2023-06-27 11:36:53","Default","SciAnntist","0","","2519918","65912"
"National Geographic Education","Metal Fragments","METAL","Metal fragments","METAL","3","","13.780350026163","100.50383603555","12.704302066937","14.245570580681","Bangkok, Bangkok, Thailand","20230627113624","2023-06-27 11:36:24","Default","SciAnntist","0","","2519917","65912"
"National Geographic Education","Non-Nylon Rope or Net","FISHING GEAR","Rope or Net Pieces (non-nylon)","FISHING GEAR","2","","13.780339795327","100.50384114816","11.73110559769","14.244711586426","Bangkok, Bangkok, Thailand","20230627113819","2023-06-27 11:38:19","Default","SciAnntist","0","","2519922","65912"
"National Geographic Education","Plastic Rope or Net","FISHING GEAR","Plastic rope / Small Net Pieces","FISHING GEAR","5","","13.780339795327","100.50384114816","11.73110559769","14.244711586426","Bangkok, Bangkok, Thailand","20230627113819","2023-06-27 11:38:19","Default","SciAnntist","0","","2519923","65912"
"National Geographic Education","Pallets","PAPER & LUMBER","Pallets","PAPER & LUMBER","7","","13.780344270002","100.50383841382","13.537605727091","14.244562484159","Bangkok, Bangkok, Thailand","20230627113717","2023-06-27 11:37:17","Default","SciAnntist","0","","2519920","65912"
"National Geographic Education","Paper and Cardboard","PAPER & LUMBER","Paper and Cardboard","PAPER & LUMBER","1","","13.779399501899","100.50593794059","8.2759755793959","14.243837303761","Bangkok, Bangkok, Thailand","20230627112855","2023-06-27 11:28:55","Default","SciAnntist","0","","2519909","65912"
"National Geographic Education","Lumber/Building Materials","PAPER & LUMBER","Lumber/Building Materials","PAPER & LUMBER","5","","13.780347536401","100.50383206828","11.800087115727","14.244869548102","Bangkok, Bangkok, Thailand","20230627113734","2023-06-27 11:37:34","Default","SciAnntist","0","","2519921","65912"
"National Geographic Education","Non-Rubber Gloves","CLOTH","Gloves (non-rubber)","CLOTH","1","","13.777392966358","100.50571427715","8.5853859502822","14.243753852327","Bangkok, Bangkok, Thailand","20230627112129","2023-06-27 11:21:29","Default","SciAnntist","0","","2519900","65912"
"National Geographic Education","Fabric pieces","CLOTH","Fabric pieces","CLOTH","4","","13.780346025656","100.50383758493","12.62750450708","14.244587940383","Bangkok, Bangkok, Thailand","20230627113705","2023-06-27 11:37:05","Default","SciAnntist","0","","2519919","65912"
"National Geographic Education","Metal Bottle Caps or Tabs","METAL","Metal Bottle Caps","METAL","1","","13.757092388953","100.51960467019","8.7478805705905","14.246563344165","Bangkok, Bangkok, Thailand","20230708080255","2023-07-08 08:02:55","Default","SciAnntist","0","","2544068","66819"
"National Geographic Education","Straws","PLASTIC","Straws","PLASTIC","1","","13.778003892813","100.50585534786","9.2716795019805","14.246332923484","Bangkok, Bangkok, Thailand","20230627112330","2023-06-27 11:23:30","Default","SciAnntist","0","","2519902","65912"
"National Geographic Education","Straws","PLASTIC","Straws","PLASTIC","5","","13.780499126796","100.50354631082","5.3315867995843","14.246181518406","Bangkok, Bangkok, Thailand","20230627113957","2023-06-27 11:39:57","Default","SciAnntist","0","","2519927","65912"
"National Geographic Education","Straws","PLASTIC","Straws","PLASTIC","2","","13.782004757858","100.4999962971","9.7080357056111","14.24324904829","Bangkok, Bangkok, Thailand","20230627115049","2023-06-27 11:50:49","Default","SciAnntist","0","","2519932","65912"
"National Geographic Education","Straws","PLASTIC","Straws","PLASTIC","3","","13.78819915979","100.48303124048","4.3726806836203","14.23677416848","Bangkok, Bangkok, Thailand","20230628225721","2023-06-28 22:57:21","Default","SciAnntist","0","","2524715","66070"
"National Geographic Education","Straws","PLASTIC","Straws","PLASTIC","2","","13.779210470282","100.50666123124","14.190926239826","14.250910065314","Bangkok, Bangkok, Thailand","20230628232344","2023-06-28 23:23:44","Default","SciAnntist","0","","2524727","66070"
"National Geographic Education","Straws","PLASTIC","Straws","PLASTIC","1","","13.779185118877","100.50667687434","13.593384434469","14.247601728809","Bangkok, Bangkok, Thailand","20230628232353","2023-06-28 23:23:53","Default","SciAnntist","0","","2524728","66070"
"National Geographic Education","Straws","PLASTIC","Straws","PLASTIC","1","","13.779104187909","100.5065969647","6.7824122291058","14.24288799441","Bangkok, Bangkok, Thailand","20230628232435","2023-06-28 23:24:35","Default","SciAnntist","0","","2524730","66070"
"National Geographic Education","Straws","PLASTIC","Straws","PLASTIC","2","","13.757115635901","100.51966407091","8.9348663408309","14.248178588808","Bangkok, Bangkok, Thailand","20230708080235","2023-07-08 08:02:35","Default","SciAnntist","0","","2544066","66819"
"National Geographic Education","Plastic Utensils","PLASTIC","Plastic Utensils","PLASTIC","3","","13.780499049204","100.50354547378","5.3882678970695","14.246147484741","Bangkok, Bangkok, Thailand","20230627113955","2023-06-27 11:39:55","Default","SciAnntist","0","","2519926","65912"
"National Geographic Education","Plastic Utensils","PLASTIC","Plastic Utensils","PLASTIC","2","","13.787702571456","100.48199587246","10.280240708962","14.246404925624","Bangkok, Bangkok, Thailand","20230628112556","2023-06-28 11:25:56","Default","SciAnntist","0","","2521358","66023"
"National Geographic Education","Plastic Fragments","PLASTIC","Hard plastic fragments","PLASTIC","1","","13.779985357148","100.50457338979","9.2057653767988","14.245397283034","Bangkok, Bangkok, Thailand","20230627113159","2023-06-27 11:31:59","Default","SciAnntist","0","","2519910","65912"
"National Geographic Education","Other Plastic Jugs","PLASTIC","Other Jugs or Containers","PLASTIC","5","","13.780344208261","100.50385734474","11.267844275571","14.244630560908","Bangkok, Bangkok, Thailand","20230627113526","2023-06-27 11:35:26","Default","SciAnntist","0","","2519915","65912"
"National Geographic Education","Other Plastic Jugs","PLASTIC","Other Jugs or Containers","PLASTIC","1","","13.778749161868","100.5062920998","8.2753624143079","14.244874957487","Bangkok, Bangkok, Thailand","20230628111212","2023-06-28 11:12:12","Default","SciAnntist","0","","2521350","66023"
"National Geographic Education","Other Plastic Jugs","PLASTIC","Other Jugs or Containers","PLASTIC","2","","13.778832376657","100.50632686025","2.3736934363842","14.243935624037","Bangkok, Bangkok, Thailand","20230628232534","2023-06-28 23:25:34","Default","SciAnntist","0","","2524732","66070"
"National Geographic Education","Plastic Food Wrappers","PLASTIC","Food Wrappers","PLASTIC","1","","13.777970966794","100.50586187291","9.0582927688956","14.247298467333","Bangkok, Bangkok, Thailand","20230627112316","2023-06-27 11:23:16","Default","SciAnntist","0","","2519901","65912"
"National Geographic Education","Plastic Food Wrappers","PLASTIC","Food Wrappers","PLASTIC","1","","13.778092726253","100.50595899899","8.3913929564878","14.243782452144","Bangkok, Bangkok, Thailand","20230627112357","2023-06-27 11:23:57","Default","SciAnntist","0","","2519903","65912"
"National Geographic Education","Plastic Food Wrappers","PLASTIC","Food Wrappers","PLASTIC","1","","13.778705130307","100.5062531412","9.0286210635677","14.243154378551","Bangkok, Bangkok, Thailand","20230627112529","2023-06-27 11:25:29","Default","SciAnntist","0","","2519904","65912"
"National Geographic Education","Plastic Food Wrappers","PLASTIC","Food Wrappers","PLASTIC","1","","13.777401519098","100.50574923353","8.8195601869375","14.24303901143","Bangkok, Bangkok, Thailand","20230628110844","2023-06-28 11:08:44","Default","SciAnntist","0","","2521341","66023"
"National Geographic Education","Plastic Food Wrappers","PLASTIC","Food Wrappers","PLASTIC","2","","13.777500159069","100.50578434057","8.6940645668656","14.245190282087","Bangkok, Bangkok, Thailand","20230628110902","2023-06-28 11:09:02","Default","SciAnntist","0","","2521342","66023"
"National Geographic Education","Plastic Food Wrappers","PLASTIC","Food Wrappers","PLASTIC","1","","13.777826222006","100.50583857203","10.722351698205","14.246170846311","Bangkok, Bangkok, Thailand","20230628110955","2023-06-28 11:09:55","Default","SciAnntist","0","","2521344","66023"
"National Geographic Education","Plastic Food Wrappers","PLASTIC","Food Wrappers","PLASTIC","2","","13.77785816712","100.50586013687","9.7253798320889","14.24486189556","Bangkok, Bangkok, Thailand","20230628111003","2023-06-28 11:10:03","Default","SciAnntist","0","","2521345","66023"
"National Geographic Education","Plastic Food Wrappers","PLASTIC","Food Wrappers","PLASTIC","2","","13.777905115385","100.50587546076","9.2754903435707","14.243768488568","Bangkok, Bangkok, Thailand","20230628111011","2023-06-28 11:10:11","Default","SciAnntist","0","","2521346","66023"
"National Geographic Education","Plastic Food Wrappers","PLASTIC","Food Wrappers","PLASTIC","2","","13.778432782961","100.50612481692","8.5629616528749","14.247063040702","Bangkok, Bangkok, Thailand","20230628111124","2023-06-28 11:11:24","Default","SciAnntist","0","","2521347","66023"
"National Geographic Education","Plastic Food Wrappers","PLASTIC","Food Wrappers","PLASTIC","2","","13.779060436492","100.50672191555","8.9077960690483","14.242422417662","Bangkok, Bangkok, Thailand","20230628111401","2023-06-28 11:14:01","Default","SciAnntist","0","","2521352","66023"
"National Geographic Education","Plastic Food Wrappers","PLASTIC","Food Wrappers","PLASTIC","3","","13.788222199584","100.48280786434","3.979634582065","14.225487972489","Bangkok, Bangkok, Thailand","20230628225651","2023-06-28 22:56:51","Default","SciAnntist","0","","2524713","66070"
"National Geographic Education","Plastic Food Wrappers","PLASTIC","Food Wrappers","PLASTIC","2","","13.779137693358","100.50679148184","0.78125","22.46196272121","Bangkok, Bangkok, Thailand","20230628232306","2023-06-28 23:23:06","Default","SciAnntist","0","","2524723","66070"
"National Geographic Education","Plastic Food Wrappers","PLASTIC","Food Wrappers","PLASTIC","1","","13.779131784116","100.50671176994","15.551732988097","21.90093544561","Bangkok, Bangkok, Thailand","20230628232326","2023-06-28 23:23:26","Default","SciAnntist","0","","2524724","66070"
"National Geographic Education","Plastic Food Wrappers","PLASTIC","Food Wrappers","PLASTIC","1","","13.77821098063","100.50605226519","2.8083370700479","14.24433822573","Bangkok, Bangkok, Thailand","20230628232646","2023-06-28 23:26:46","Default","SciAnntist","0","","2524734","66070"
"National Geographic Education","Plastic Food Wrappers","PLASTIC","Food Wrappers","PLASTIC","1","","13.757881354553","100.51972031603","14.204006166197","21.913663770515","Bangkok, Bangkok, Thailand","20230708075758","2023-07-08 07:57:58","Default","SciAnntist","0","","2544062","66819"
"National Geographic Education","Plastic Food Wrappers","PLASTIC","Food Wrappers","PLASTIC","1","","13.757102670058","100.51971139267","8.6066641556099","14.247560643235","Bangkok, Bangkok, Thailand","20230708080226","2023-07-08 08:02:26","Default","SciAnntist","0","","2544065","66819"
"National Geographic Education","Foam or Plastic Cups or Plates","PLASTIC","Foam or Plastic Cups","PLASTIC","4","","13.780346314353","100.50384247468","8.0545445382595","14.245143156441","Bangkok, Bangkok, Thailand","20230627113428","2023-06-27 11:34:28","Default","SciAnntist","0","","2519912","65912"
"National Geographic Education","Foam or Plastic Cups or Plates","PLASTIC","Foam or Plastic Cups","PLASTIC","6","","13.780345528574","100.50386367097","8.6240081610158","14.24439644728","Bangkok, Bangkok, Thailand","20230627113504","2023-06-27 11:35:04","Default","SciAnntist","0","","2519913","65912"
"National Geographic Education","Foam or Plastic Cups or Plates","PLASTIC","Foam or Plastic Cups","PLASTIC","5","","13.780501518593","100.50354391693","5.1735644266009","14.246230116662","Bangkok, Bangkok, Thailand","20230627113949","2023-06-27 11:39:49","Default","SciAnntist","0","","2519925","65912"
"National Geographic Education","Foam or Plastic Cups or Plates","PLASTIC","Foam or Plastic Cups","PLASTIC","2","","13.781505684115","100.50127741549","6.5234034461901","14.244990951328","Bangkok, Bangkok, Thailand","20230627114740","2023-06-27 11:47:40","Default","SciAnntist","0","","2519930","65912"
"National Geographic Education","Foam or Plastic Cups or Plates","PLASTIC","Foam or Plastic Cups","PLASTIC","2","","13.782612583647","100.49855886504","7.4679446239024","14.244850127001","Bangkok, Bangkok, Thailand","20230627115424","2023-06-27 11:54:24","Default","SciAnntist","0","","2519934","65912"
"National Geographic Education","Foam or Plastic Cups or Plates","PLASTIC","Foam or Plastic Cups","PLASTIC","1","","13.77882787716","100.50633060431","8.4450377561152","14.243927013019","Bangkok, Bangkok, Thailand","20230628111222","2023-06-28 11:12:22","Default","SciAnntist","0","","2521351","66023"
"National Geographic Education","Foam or Plastic Cups or Plates","PLASTIC","Foam or Plastic Cups","PLASTIC","1","","13.787902062771","100.48212152915","15.424797028303","21.913678585739","Bangkok, Bangkok, Thailand","20230628112515","2023-06-28 11:25:15","Default","SciAnntist","0","","2521355","66023"
"National Geographic Education","Foam or Plastic Cups or Plates","PLASTIC","Foam or Plastic Cups","PLASTIC","3","","13.788206976883","100.48299105676","4.6323335003108","14.235464818664","Bangkok, Bangkok, Thailand","20230628225717","2023-06-28 22:57:17","Default","SciAnntist","0","","2524714","66070"
"National Geographic Education","Foam or Plastic Cups or Plates","PLASTIC","Foam or Plastic Cups","PLASTIC","1","","13.757098835694","100.51960468047","8.8088442990556","14.24744075648","Bangkok, Bangkok, Thailand","20230708080244","2023-07-08 08:02:44","Default","SciAnntist","0","","2544067","66819"
"National Geographic Education","Cigarettes/Cigars","PLASTIC","Cigarettes","PLASTIC","5","","13.782004757858","100.4999962971","9.7080357056111","14.243249075657","Bangkok, Bangkok, Thailand","20230627115045","2023-06-27 11:50:45","Default","SciAnntist","0","","2519931","65912"
"National Geographic Education","Cigarettes/Cigars","PLASTIC","Cigar Tips","PLASTIC","1","","13.781385727127","100.50156329223","4.7691167574376","14.245279931927","Bangkok, Bangkok, Thailand","20230627114613","2023-06-27 11:46:13","Default","SciAnntist","0","","2519929","65912"
"National Geographic Education","Cigarettes/Cigars","PLASTIC","Cigar Tips","PLASTIC","10","","13.78786429065","100.48217334693","13.423805243336","21.913678592658","Bangkok, Bangkok, Thailand","20230628112503","2023-06-28 11:25:03","Default","SciAnntist","0","","2521354","66023"
"National Geographic Education","Cigarettes/Cigars","PLASTIC","Cigar Tips","PLASTIC","2","","13.787873393067","100.4820590863","14.385016083717","14.245706591522","Bangkok, Bangkok, Thailand","20230628112526","2023-06-28 11:25:26","Default","SciAnntist","0","","2521356","66023"
"National Geographic Education","Cigarettes/Cigars","PLASTIC","Cigar Tips","PLASTIC","4","","13.787738191828","100.48200605833","10.604765469208","14.246298579324","Bangkok, Bangkok, Thailand","20230628112546","2023-06-28 11:25:46","Default","SciAnntist","0","","2521357","66023"
"National Geographic Education","Cigarettes/Cigars","PLASTIC","Cigar Tips","PLASTIC","3","","13.787635141065","100.48195187943","5.3263549804688","22.19935916984","Bangkok, Bangkok, Thailand","20230628225421","2023-06-28 22:54:21","Default","SciAnntist","0","","2524707","66070"
"National Geographic Education","Cigarettes/Cigars","PLASTIC","Cigar Tips","PLASTIC","3","","13.787684167799","100.48197833725","5.6142483325675","22.267831079538","Bangkok, Bangkok, Thailand","20230628225428","2023-06-28 22:54:28","Default","SciAnntist","0","","2524708","66070"
"National Geographic Education","Cigarettes/Cigars","PLASTIC","Cigar Tips","PLASTIC","3","","13.787743008108","100.48199175188","6.1819458734244","22.067801770791","Bangkok, Bangkok, Thailand","20230628225434","2023-06-28 22:54:34","Default","SciAnntist","0","","2524709","66070"
"National Geographic Education","Cigarettes/Cigars","PLASTIC","Cigar Tips","PLASTIC","5","","13.78790343926","100.48218689656","4.6227051392198","14.244931817537","Bangkok, Bangkok, Thailand","20230628225518","2023-06-28 22:55:18","Default","SciAnntist","0","","2524710","66070"
"National Geographic Education","Cigarettes/Cigars","PLASTIC","Cigar Tips","PLASTIC","4","","13.78781608507","100.48226673544","2.9812039062381","14.406302358511","Bangkok, Bangkok, Thailand","20230628225535","2023-06-28 22:55:35","Default","SciAnntist","0","","2524711","66070"
"National Geographic Education","Cigarettes/Cigars","PLASTIC","Cigar Tips","PLASTIC","1","","13.788061018701","100.48349275359","3.9153592959046","14.24585259938","Bangkok, Bangkok, Thailand","20230628225815","2023-06-28 22:58:15","Default","SciAnntist","0","","2524717","66070"
"National Geographic Education","Cigarettes/Cigars","PLASTIC","Cigar Tips","PLASTIC","1","","13.78808015597","100.48346960798","7.3365141851828","14.244774665656","Bangkok, Bangkok, Thailand","20230628225833","2023-06-28 22:58:33","Default","SciAnntist","0","","2524718","66070"
"National Geographic Education","Cigarettes/Cigars","PLASTIC","Cigar Tips","PLASTIC","2","","13.788095166607","100.48344142947","8.4721526745707","14.245111613483","Bangkok, Bangkok, Thailand","20230628225843","2023-06-28 22:58:43","Default","SciAnntist","0","","2524719","66070"
"National Geographic Education","Cigarettes/Cigars","PLASTIC","Cigar Tips","PLASTIC","3","","13.78844006425","100.48350411199","10.717407479882","14.243103423282","Bangkok, Bangkok, Thailand","20230628225941","2023-06-28 22:59:41","Default","SciAnntist","0","","2524721","66070"
"National Geographic Education","Cigarettes/Cigars","PLASTIC","Cigar Tips","PLASTIC","1","","13.788453308064","100.48338022362","4.9023866066709","14.245512039682","Bangkok, Bangkok, Thailand","20230628230040","2023-06-28 23:00:40","Default","SciAnntist","0","","2524722","66070"
"National Geographic Education","Cigarettes/Cigars","PLASTIC","Cigar Tips","PLASTIC","2","","13.779147911234","100.50670346417","14.93182180915","21.96620632587","Bangkok, Bangkok, Thailand","20230628232329","2023-06-28 23:23:29","Default","SciAnntist","0","","2524725","66070"
"National Geographic Education","Cigarettes/Cigars","PLASTIC","Cigar Tips","PLASTIC","2","","13.779199447176","100.50669193191","14.30933333002","14.254296012164","Bangkok, Bangkok, Thailand","20230628232336","2023-06-28 23:23:36","Default","SciAnntist","0","","2524726","66070"
"National Geographic Education","Cigarettes/Cigars","PLASTIC","Cigar Tips","PLASTIC","1","","13.779098301894","100.50663979203","12.635365095921","14.243303396696","Bangkok, Bangkok, Thailand","20230628232407","2023-06-28 23:24:07","Default","SciAnntist","0","","2524729","66070"
"National Geographic Education","Cigarettes/Cigars","PLASTIC","Cigar Tips","PLASTIC","2","","13.757492202485","100.52016209057","6.9310208214447","14.244488404807","Bangkok, Bangkok, Thailand","20230708080027","2023-07-08 08:00:27","Default","SciAnntist","0","","2544064","66819"
"National Geographic Education","Cigarettes/Cigars","PLASTIC","Cigar Tips","PLASTIC","1","","13.757003539923","100.51886947072","9.2080683987588","14.245157516611","Bangkok, Bangkok, Thailand","20230708080526","2023-07-08 08:05:26","Default","SciAnntist","0","","2544072","66819"
"National Geographic Education","Cigarettes/Cigars","PLASTIC","Cigar Tips","PLASTIC","1","","13.757003613232","100.5188435156","10.065828593448","14.245225241124","Bangkok, Bangkok, Thailand","20230708080532","2023-07-08 08:05:32","Default","SciAnntist","0","","2544073","66819"
"National Geographic Education","Cigarettes/Cigars","PLASTIC","Cigar Tips","PLASTIC","1","","13.757005802139","100.51884213272","9.9189982116222","14.245376508755","Bangkok, Bangkok, Thailand","20230708080534","2023-07-08 08:05:34","Default","SciAnntist","0","","2544074","66819"
"National Geographic Education","Plastic Caps or Lids","PLASTIC","Bottle or Container Caps","PLASTIC","5","","13.780344208261","100.50385734474","11.267844275571","14.244588800856","Bangkok, Bangkok, Thailand","20230627113527","2023-06-27 11:35:27","Default","SciAnntist","0","","2519916","65912"
"National Geographic Education","Plastic Caps or Lids","PLASTIC","Bottle or Container Caps","PLASTIC","2","","13.778681998956","100.50624724202","8.0975761115551","14.245538942606","Bangkok, Bangkok, Thailand","20230628111202","2023-06-28 11:12:02","Default","SciAnntist","0","","2521349","66023"
"National Geographic Education","Plastic Caps or Lids","PLASTIC","Bottle or Container Caps","PLASTIC","2","","13.787842257893","100.48223434957","24.892848968506","24.923438209034","Bangkok, Bangkok, Thailand","20230628112448","2023-06-28 11:24:48","Default","SciAnntist","0","","2521353","66023"
"National Geographic Education","Plastic Caps or Lids","PLASTIC","Bottle or Container Caps","PLASTIC","2","","13.788237836035","100.48265994148","4.0365881519392","14.229530328838","Bangkok, Bangkok, Thailand","20230628225633","2023-06-28 22:56:33","Default","SciAnntist","0","","2524712","66070"
"National Geographic Education","Plastic Caps or Lids","PLASTIC","Bottle or Container Caps","PLASTIC","2","","13.757545819655","100.52009728578","7.9163666954264","14.244414863971","Bangkok, Bangkok, Thailand","20230708080018","2023-07-08 08:00:18","Default","SciAnntist","0","","2544063","66819"
"National Geographic Education","Plastic Caps or Lids","PLASTIC","Bottle or Container Caps","PLASTIC","1","","13.75704027994","100.51897145657","8.6899257842451","14.247694996322","Bangkok, Bangkok, Thailand","20230708080441","2023-07-08 08:04:41","Default","SciAnntist","0","","2544071","66819"
"National Geographic Education","Plastic Bottle","PLASTIC","Beverage Bottles","PLASTIC","1","","13.77893015526","100.50639009483","8.9780856994912","14.244098666987","Bangkok, Bangkok, Thailand","20230627112605","2023-06-27 11:26:05","Default","SciAnntist","0","","2519905","65912"
"National Geographic Education","Plastic Bottle","PLASTIC","Beverage Bottles","PLASTIC","2","","13.780344208261","100.50385734474","11.267844275571","14.244630560908","Bangkok, Bangkok, Thailand","20230627113526","2023-06-27 11:35:26","Default","SciAnntist","0","","2519914","65912"
"National Geographic Education","Plastic Bottle","PLASTIC","Beverage Bottles","PLASTIC","1","","13.778697242366","100.50625384081","3.5442186696455","14.244310689593","Bangkok, Bangkok, Thailand","20230628232549","2023-06-28 23:25:49","Default","SciAnntist","0","","2524733","66070"
"National Geographic Education","Plastic Bottle","PLASTIC","Beverage Bottles","PLASTIC","1","","13.757093092408","100.51961312652","8.5375777734444","14.245419989815","Bangkok, Bangkok, Thailand","20230708080303","2023-07-08 08:03:03","Default","SciAnntist","0","","2544069","66819"
"National Geographic Education","Plastic Bags","PLASTIC","Plastic Bags","PLASTIC","1","","13.779194697298","100.50644804318","8.3047870416194","14.241843312468","Bangkok, Bangkok, Thailand","20230627112717","2023-06-27 11:27:17","Default","SciAnntist","0","","2519907","65912"
"National Geographic Education","Plastic Bags","PLASTIC","Plastic Bags","PLASTIC","1","","13.78005868987","100.50446510829","8.4713312955573","14.24529688458","Bangkok, Bangkok, Thailand","20230627113221","2023-06-27 11:32:21","Default","SciAnntist","0","","2519911","65912"
"National Geographic Education","Plastic Bags","PLASTIC","Plastic Bags","PLASTIC","3","","13.780501518593","100.50354391693","5.1735644266009","14.246196521497","Bangkok, Bangkok, Thailand","20230627113948","2023-06-27 11:39:48","Default","SciAnntist","0","","2519924","65912"
"National Geographic Education","Plastic Bags","PLASTIC","Plastic Bags","PLASTIC","2","","13.782074382655","100.49978459706","9.4352142261341","14.242235172354","Bangkok, Bangkok, Thailand","20230627115115","2023-06-27 11:51:15","Default","SciAnntist","0","","2519933","65912"
"National Geographic Education","Plastic Bags","PLASTIC","Plastic Bags","PLASTIC","2","","13.77771291031","100.50583192402","9.1354290982708","14.246150430132","Bangkok, Bangkok, Thailand","20230628110927","2023-06-28 11:09:27","Default","SciAnntist","0","","2521343","66023"
"National Geographic Education","Plastic Bags","PLASTIC","Plastic Bags","PLASTIC","2","","13.778500826372","100.5061697476","8.7005122760311","14.244516455312","Bangkok, Bangkok, Thailand","20230628111132","2023-06-28 11:11:32","Default","SciAnntist","0","","2521348","66023"
"National Geographic Education","Plastic Bags","PLASTIC","Plastic Bags","PLASTIC","1","","13.757061547524","100.51915889461","8.2585478574038","14.247041125017","Bangkok, Bangkok, Thailand","20230708080417","2023-07-08 08:04:17","Default","SciAnntist","0","","2544070","66819"